Workbook

Sheet Resumen
A1: Concepto | B1: Meses | C1: USD
A2: Escenario | C2: Total mensual
A3: dev | C3: ='Costo mensual'!C20 -> 7.2
A4: demo | C4: ='Costo mensual'!D20 -> 9.72226
A5: produccion | C5: ='Costo mensual'!E20 -> 281.82895
A6: pico_black_friday | C6: ='Costo mensual'!F20 -> 958.2081
A8: Año 1 (producción) | B8: 11×produccion + 1×pico_black_friday | C8: ='Costo mensual'!E20*11+'Costo mensual'!F20*1 -> 4058.3266
A9: Costo del curso | B9: 1×dev + 1×demo | C9: ='Costo mensual'!C20*1+'Costo mensual'!D20*1 -> 16.92226
A11: Costo por pedido (producción) | C11: ='Costo mensual'!E22 -> 0.0007475569
A13: Año 1 por servicio
A14: Artifact Registry | C14: =SUMIF('Costo mensual'!$B$2:$B$19,A14,'Costo mensual'!E$2:E$19)*11+SUMIF('Costo mensual'!$B$2:$B$19,A14,'Costo mensual'!F$2:F$19)*1 -> 3
A15: BigQuery | C15: =SUMIF('Costo mensual'!$B$2:$B$19,A15,'Costo mensual'!E$2:E$19)*11+SUMIF('Costo mensual'!$B$2:$B$19,A15,'Costo mensual'!F$2:F$19)*1 -> 612.4
A16: Cloud Pub/Sub | C16: =SUMIF('Costo mensual'!$B$2:$B$19,A16,'Costo mensual'!E$2:E$19)*11+SUMIF('Costo mensual'!$B$2:$B$19,A16,'Costo mensual'!F$2:F$19)*1 -> 38.5125
A17: Cloud Run | C17: =SUMIF('Costo mensual'!$B$2:$B$19,A17,'Costo mensual'!E$2:E$19)*11+SUMIF('Costo mensual'!$B$2:$B$19,A17,'Costo mensual'!F$2:F$19)*1 -> 572.16
A18: Cloud SQL | C18: =SUMIF('Costo mensual'!$B$2:$B$19,A18,'Costo mensual'!E$2:E$19)*11+SUMIF('Costo mensual'!$B$2:$B$19,A18,'Costo mensual'!F$2:F$19)*1 -> 348.25
A19: Cloud Storage | C19: =SUMIF('Costo mensual'!$B$2:$B$19,A19,'Costo mensual'!E$2:E$19)*11+SUMIF('Costo mensual'!$B$2:$B$19,A19,'Costo mensual'!F$2:F$19)*1 -> 18.2
A20: Dataflow | C20: =SUMIF('Costo mensual'!$B$2:$B$19,A20,'Costo mensual'!E$2:E$19)*11+SUMIF('Costo mensual'!$B$2:$B$19,A20,'Costo mensual'!F$2:F$19)*1 -> 1683.0041
A21: Serverless for Apache Spark | C21: =SUMIF('Costo mensual'!$B$2:$B$19,A21,'Costo mensual'!E$2:E$19)*11+SUMIF('Costo mensual'!$B$2:$B$19,A21,'Costo mensual'!F$2:F$19)*1 -> 46.8
A22: Vertex AI Gemini 2.5 Flash-Lite | C22: =SUMIF('Costo mensual'!$B$2:$B$19,A22,'Costo mensual'!E$2:E$19)*11+SUMIF('Costo mensual'!$B$2:$B$19,A22,'Costo mensual'!F$2:F$19)*1 -> 736

Sheet Precios
A1: Clave | B1: Servicio | C1: Unidad | D1: Precio USD | E1: Gratis/mes | F1: Fuente
A2: gcs_standard_gb_mes | B2: Cloud Storage | C2: GB-mes | D2: 0.02 | E2: 0 | F2: https://cloud.google.com/storage/pricing
A3: gcs_nearline_gb_mes | B3: Cloud Storage | C3: GB-mes | D3: 0.01 | E3: 0 | F3: https://cloud.google.com/storage/pricing
A4: bq_storage_gib_mes | B4: BigQuery | C4: GiB-mes | D4: 0.02 | E4: 10 | F4: https://cloud.google.com/bigquery/pricing
A5: bq_query_tib | B5: BigQuery | C5: TiB escaneado | D5: 6.25 | E5: 1 | F5: https://cloud.google.com/bigquery/pricing
A6: pubsub_tib | B6: Cloud Pub/Sub | C6: TiB | D6: 40 | E6: 0.009765625 | F6: https://cloud.google.com/pubsub/pricing
A7: pubsub_bq_sub_tib | B7: Cloud Pub/Sub | C7: TiB | D7: 50 | E7: 0 | F7: https://cloud.google.com/pubsub/pricing
A8: dataflow_vcpu_h | B8: Dataflow | C8: vCPU-hora (streaming) | D8: 0.069 | E8: 0 | F8: https://cloud.google.com/dataflow/pricing
A9: dataflow_mem_gb_h | B9: Dataflow | C9: GB-hora | D9: 0.003557 | E9: 0 | F9: https://cloud.google.com/dataflow/pricing
A10: dataproc_dcu_h | B10: Serverless for Apache Spark | C10: DCU-hora | D10: 0.06 | E10: 0 | F10: https://cloud.google.com/dataproc-serverless/pricing
A11: cloudrun_vcpu_s | B11: Cloud Run | C11: vCPU-segundo | D11: 2.4e-05 | E11: 180000 | F11: https://cloud.google.com/run/pricing
A12: cloudrun_gib_s | B12: Cloud Run | C12: GiB-segundo | D12: 2.5e-06 | E12: 360000 | F12: https://cloud.google.com/run/pricing
A13: cloudrun_req_millon | B13: Cloud Run | C13: millón de requests | D13: 0.4 | E13: 2 | F13: https://cloud.google.com/run/pricing
... A19: artifact_gb_mes | B19: Artifact Registry | C19: GB-mes | D19: 0.1 | E19: 0.5 | F19: https://cloud.google.com/artifact-registry/pricing
A21: Precios lista us-central1, consultados 2026-10-22. Celdas amarillas = editables. Estimación, no cotización: validar en https://cloud.google.com/products/calculator

Sheet Uso
A1: Clave | B1: Unidad | C1: dev | D1: demo | E1: produccion | F1: pico_black_friday
A2: gcs_standard_gb_mes | B2: GB-mes | C2: 40 | D2: 12 | E2: 60 | F2: 70
A3: gcs_nearline_gb_mes | B3: GB-mes | C3: 0 | D3: 30 | E3: 30 | F3: 30
A4: bq_storage_gib_mes | B4: GiB-mes | C4: 12 | D4: 15 | E4: 60 | F4: 80
A5: bq_query_tib | B5: TiB escaneado | C5: 0.8 | D5: 1 | E5: 8 | F5: 20
A6: pubsub_tib | B6: TiB | C6: 0.001 | D6: 0.002 | E6: 0.03 | F6: 0.15
A7: pubsub_bq_sub_tib | B7: TiB | C7: 0.001 | D7: 0.002 | E7: 0.03 | F7: 0.15
A8: dataflow_vcpu_h | B8: vCPU-hora (streaming) | C8: 0 | D8: 48 | E8: 1460 | F8: 4380
A9: dataflow_mem_gb_h | B9: GB-hora | C9: 0 | D9: 180 | E9: 5475 | F9: 16425
A10: dataproc_dcu_h | B10: DCU-hora | C10: 16 | D10: 8 | E10: 60 | F10: 120
A11: cloudrun_vcpu_s | B11: vCPU-segundo | C11: 40000 | D11: 60000 | E11: 1500000 | F11: 7500000
A12: cloudrun_gib_s | B12: GiB-segundo | C12: 20000 | D12: 30000 | E12: 750000 | F12: 3750000
A13: cloudrun_req_millon | B13: millón de requests | C13: 0.05 | D13: 0.1 | E13: 6 | F13: 30
... A19: artifact_gb_mes | B19: GB-mes | C19: 2 | D19: 2 | E19: 3 | F19: 3
A21: pedidos_mes | C21: 5000 | D21: 20000 | E21: 377000 | F21: 1885000
A22: descripcion | C22: Desarrollo del curso (1 mes): carga histórica, pipelines batch, pruebas | D22: Mes de sustentación: replay streaming con Dataflow encendido 24 h | E22: Operación mensual a escala H&M (~377k pedidos/mes, 3.5 líneas/pedido) | F22: Mes pico (5x eventos/tráfico): autoscaling Dataflow y Cloud Run

Sheet Costo mensual
A1: Clave | B1: Servicio | C1: dev | D1: demo | E1: produccion | F1: pico_black_friday
A2: gcs_standard_gb_mes | B2: =Precios!B2 -> Cloud Storage | C2: =MAX(0,Uso!C2-Precios!$E2)*Precios!$D2 -> 0.8 | D2: =MAX(0,Uso!D2-Precios!$E2)*Precios!$D2 -> 0.24 | E2: =MAX(0,Uso!E2-Precios!$E2)*Precios!$D2 -> 1.2 | F2: =MAX(0,Uso!F2-Precios!$E2)*Precios!$D2 -> 1.4
A3: gcs_nearline_gb_mes | B3: =Precios!B3 -> Cloud Storage | C3: =MAX(0,Uso!C3-Precios!$E3)*Precios!$D3 -> 0 | D3: =MAX(0,Uso!D3-Precios!$E3)*Precios!$D3 -> 0.3 | E3: =MAX(0,Uso!E3-Precios!$E3)*Precios!$D3 -> 0.3 | F3: =MAX(0,Uso!F3-Precios!$E3)*Precios!$D3 -> 0.3
A4: bq_storage_gib_mes | B4: =Precios!B4 -> BigQuery | C4: =MAX(0,Uso!C4-Precios!$E4)*Precios!$D4 -> 0.04 | D4: =MAX(0,Uso!D4-Precios!$E4)*Precios!$D4 -> 0.1 | E4: =MAX(0,Uso!E4-Precios!$E4)*Precios!$D4 -> 1 | F4: =MAX(0,Uso!F4-Precios!$E4)*Precios!$D4 -> 1.4
A5: bq_query_tib | B5: =Precios!B5 -> BigQuery | C5: =MAX(0,Uso!C5-Precios!$E5)*Precios!$D5 -> 0 | D5: =MAX(0,Uso!D5-Precios!$E5)*Precios!$D5 -> 0 | E5: =MAX(0,Uso!E5-Precios!$E5)*Precios!$D5 -> 43.75 | F5: =MAX(0,Uso!F5-Precios!$E5)*Precios!$D5 -> 118.75
A6: pubsub_tib | B6: =Precios!B6 -> Cloud Pub/Sub | C6: =MAX(0,Uso!C6-Precios!$E6)*Precios!$D6 -> 0 | D6: =MAX(0,Uso!D6-Precios!$E6)*Precios!$D6 -> 0 | E6: =MAX(0,Uso!E6-Precios!$E6)*Precios!$D6 -> 0.809375 | F6: =MAX(0,Uso!F6-Precios!$E6)*Precios!$D6 -> 5.609375
A7: pubsub_bq_sub_tib | B7: =Precios!B7 -> Cloud Pub/Sub | C7: =MAX(0,Uso!C7-Precios!$E7)*Precios!$D7 -> 0.05 | D7: =MAX(0,Uso!D7-Precios!$E7)*Precios!$D7 -> 0.1 | E7: =MAX(0,Uso!E7-Precios!$E7)*Precios!$D7 -> 1.5 | F7: =MAX(0,Uso!F7-Precios!$E7)*Precios!$D7 -> 7.5
A8: dataflow_vcpu_h | B8: =Precios!B8 -> Dataflow | C8: =MAX(0,Uso!C8-Precios!$E8)*Precios!$D8 -> 0 | D8: =MAX(0,Uso!D8-Precios!$E8)*Precios!$D8 -> 3.312 | E8: =MAX(0,Uso!E8-Precios!$E8)*Precios!$D8 -> 100.74 | F8: =MAX(0,Uso!F8-Precios!$E8)*Precios!$D8 -> 302.22
A9: dataflow_mem_gb_h | B9: =Precios!B9 -> Dataflow | C9: =MAX(0,Uso!C9-Precios!$E9)*Precios!$D9 -> 0 | D9: =MAX(0,Uso!D9-Precios!$E9)*Precios!$D9 -> 0.64026 | E9: =MAX(0,Uso!E9-Precios!$E9)*Precios!$D9 -> 19.474575 | F9: =MAX(0,Uso!F9-Precios!$E9)*Precios!$D9 -> 58.423725
A10: dataproc_dcu_h | B10: =Precios!B10 -> Serverless for Apache Spark | C10: =MAX(0,Uso!C10-Precios!$E10)*Precios!$D10 -> 0.96 | D10: =MAX(0,Uso!D10-Precios!$E10)*Precios!$D10 -> 0.48 | E10: =MAX(0,Uso!E10-Precios!$E10)*Precios!$D10 -> 3.6 | F10: =MAX(0,Uso!F10-Precios!$E10)*Precios!$D10 -> 7.2
A11: cloudrun_vcpu_s | B11: =Precios!B11 -> Cloud Run | C11: =MAX(0,Uso!C11-Precios!$E11)*Precios!$D11 -> 0 | D11: =MAX(0,Uso!D11-Precios!$E11)*Precios!$D11 -> 0 | E11: =MAX(0,Uso!E11-Precios!$E11)*Precios!$D11 -> 31.68 | F11: =MAX(0,Uso!F11-Precios!$E11)*Precios!$D11 -> 175.68
A12: cloudrun_gib_s | B12: =Precios!B12 -> Cloud Run | C12: =MAX(0,Uso!C12-Precios!$E12)*Precios!$D12 -> 0 | D12: =MAX(0,Uso!D12-Precios!$E12)*Precios!$D12 -> 0 | E12: =MAX(0,Uso!E12-Precios!$E12)*Precios!$D12 -> 0.975 | F12: =MAX(0,Uso!F12-Precios!$E12)*Precios!$D12 -> 8.475
A13: cloudrun_req_millon | B13: =Precios!B13 -> Cloud Run | C13: =MAX(0,Uso!C13-Precios!$E13)*Precios!$D13 -> 0 | D13: =MAX(0,Uso!D13-Precios!$E13)*Precios!$D13 -> 0 | E13: =MAX(0,Uso!E13-Precios!$E13)*Precios!$D13 -> 1.6 | F13: =MAX(0,Uso!F13-Precios!$E13)*Precios!$D13 -> 11.2
... A19: artifact_gb_mes | B19: =Precios!B19 -> Artifact Registry | C19: =MAX(0,Uso!C19-Precios!$E19)*Precios!$D19 -> 0.15 | D19: =MAX(0,Uso!D19-Precios!$E19)*Precios!$D19 -> 0.15 | E19: =MAX(0,Uso!E19-Precios!$E19)*Precios!$D19 -> 0.25 | F19: =MAX(0,Uso!F19-Precios!$E19)*Precios!$D19 -> 0.25
A20: TOTAL MENSUAL | C20: =SUM(C2:C19) -> 7.2 | D20: =SUM(D2:D19) -> 9.72226 | E20: =SUM(E2:E19) -> 281.82895 | F20: =SUM(F2:F19) -> 958.2081
A21: Pedidos/mes | C21: =Uso!C21 -> 5000 | D21: =Uso!D21 -> 20000 | E21: =Uso!E21 -> 377000 | F21: =Uso!F21 -> 1885000
A22: Costo por pedido | C22: =IF(C21>0,C20/C21,0) -> 0.00144 | D22: =IF(D21>0,D20/D21,0) -> 0.000486113 | E22: =IF(E21>0,E20/E21,0) -> 0.0007475569 | F22: =IF(F21>0,F20/F21,0) -> 0.00050833321
